characteristic,min,max
Total Time, 3748.193789235198 , 16813.062696855595
CO2, 0.0 , 168513.8382763213
Fixed Veh Cost, 600.0 , 1700.0
Veh Run cost, 131140.44975399182 , 546697.0000710817
