characteristic,min,max
Total Time, 3780.8433823234354 , 21497.707467783664
CO2, 0.0 , 161926.4189165572
Fixed Veh Cost, 600.0 , 1920.0
Veh Run cost, 111598.93895744279 , 485779.25674967153
