characteristic,min,max
Total Time, 3207.6866400857316 , 24922.16572752918
CO2, 0.0 , 113956.6685501039
Fixed Veh Cost, 530.0 , 1850.0
Veh Run cost, 78599.11813569997 , 377461.3738615227
