characteristic,min,max
Total Time, 3480.4484422276682 , 21488.7501475257
CO2, 0.0 , 217832.7141255138
Fixed Veh Cost, 840.0 , 2700.0
Veh Run cost, 150633.16121569992 , 653498.1423765413
