characteristic,min,max
Total Cost 148139.59622524932 : 781761.3370323798
CO2, 0.0 : 213236.6147575014
Routes, 5.0 : 43.0
Bikes, 0.0 : 100.0
BikeDelss, 0.0 : 100.0
