characteristic,min,max
Total Cost 135398.83012279536 : 1643654.9961419378
CO2, 0.0 : 443563.88671953994
Routes, 7.0 : 52.0
Bikes, 0.0 : 100.0
BikeDelss, 0.0 : 100.0
