characteristic,min,max
Total Cost 149796.81119590532 : 1653627.087281554
CO2, 0.0 : 473994.82041414693
Routes, 7.0 : 49.0
Bikes, 0.0 : 100.0
BikeDelss, 0.0 : 100.0
