characteristic,min,max
Total Cost 342487.69803824957 : 1788728.0329728173
CO2, 0.0 : 464256.7604832971
Routes, 9.0 : 57.0
Bikes, 0.0 : 100.0
BikeDelss, 0.0 : 100.0
