characteristic,min,max
Total Time, 2940.022876899507 , 19084.035782867984
CO2, 0.0 , 187936.61379383956
Fixed Veh Cost, 820.0 , 2470.0
Veh Run cost, 166764.67736333344 , 563809.8413815185
