characteristic,min,max
Total Time, 3670.7775997950557 , 20887.196104966984
CO2, 0.0 , 181363.00573278664
Fixed Veh Cost, 720.0 , 2270.0
Veh Run cost, 192165.55496786468 , 557139.4399874709
