characteristic,min,max
Total Time, 4669.8098679637205 , 23598.85774478001
CO2, 0.0 , 348578.2943553619
Fixed Veh Cost, 1080.0 , 3150.0
Veh Run cost, 319203.369500185 , 1139515.9810758273
