characteristic,min,max
Total Time, 4023.5929210609634 , 22997.578929998646
CO2, 0.0 , 299730.1946093827
Fixed Veh Cost, 1010.0 , 3000.0
Veh Run cost, 227798.4504222894 , 964925.1437712618
