characteristic,min,max
Total Cost 115353.74165740838 : 746925.9321222978
CO2, 0.0 : 197958.66895420215
Routes, 5.0 : 39.0
Bikes, 0.0 : 100.0
BikeDelss, 0.0 : 100.0
