characteristic,min,max
Total Cost 156388.8959511675 : 1041328.2394936981
CO2, 0.0 : 292104.3883830495
Routes, 5.0 : 35.0
Bikes, 0.0 : 100.0
BikeDelss, 0.0 : 100.0
