characteristic,min,max
Total Time, 3148.8915698764263 , 19355.218491064974
CO2, 0.0 , 438020.970020914
Fixed Veh Cost, 720.0 , 2340.0
Veh Run cost, 115403.42138685138 , 1368474.2859298019
