characteristic,min,max
Total Time, 4134.939957861713 , 23660.73018364285
CO2, 0.0 , 247037.77827010964
Fixed Veh Cost, 840.0 , 2650.0
Veh Run cost, 169962.979523591 , 741113.3348103289
