characteristic,min,max
Total Time, 4004.3322739155756 , 23159.52098489129
CO2, 0.0 , 283448.4830783218
Fixed Veh Cost, 1080.0 , 3250.0
Veh Run cost, 251578.73301183342 , 860535.6579803752
