characteristic,min,max
Total Time, 3876.3958411373374 , 25762.09212797455
CO2, 0.0 , 308378.73293012223
Fixed Veh Cost, 1060.0 , 3450.0
Veh Run cost, 253373.51877605845 , 925136.1987903665
