characteristic,min,max
Total Cost 217389.78923198814 : 1024942.4626760927
CO2, 0.0 : 275834.067226516
Routes, 5.0 : 32.0
Bikes, 0.0 : 100.0
BikeDelss, 0.0 : 100.0
