characteristic,min,max
Total Cost 127565.79517401187 : 1430873.6115158095
CO2, 0.0 : 386194.6436495007
Routes, 6.0 : 45.0
Bikes, 0.0 : 100.0
BikeDelss, 0.0 : 100.0
