characteristic,min,max
Total Cost 146789.0475480085 : 1159194.2094596904
CO2, 0.0 : 310759.1526995883
Routes, 6.0 : 43.0
Bikes, 0.0 : 100.0
BikeDelss, 0.0 : 100.0
