characteristic,min,max
Total Cost 92029.88667209225 : 1956634.125480407
CO2, 0.0 : 526531.0490256996
Routes, 7.0 : 55.0
Bikes, 0.0 : 100.0
BikeDelss, 0.0 : 100.0
