characteristic,min,max
Total Cost 375059.0803219764 : 2116261.595592214
CO2, 0.0 : 631210.4785382921
Routes, 7.0 : 51.0
Bikes, 0.0 : 100.0
BikeDelss, 0.0 : 100.0
