characteristic,min,max
Total Cost 323292.6490501898 : 2145349.9386347895
CO2, 0.0 : 586383.9991916412
Routes, 8.0 : 50.0
Bikes, 0.0 : 100.0
BikeDelss, 0.0 : 100.0
