characteristic,min,max
Total Cost 342471.8405895315 : 1842009.5932187098
CO2, 0.0 : 509472.74252228916
Routes, 10.0 : 63.0
Bikes, 0.0 : 100.0
BikeDelss, 0.0 : 100.0
