characteristic,min,max
Total Time, 3368.260776869002 , 20156.516085629613
CO2, 0.0 , 146329.26574486535
Fixed Veh Cost, 650.0 , 1950.0
Veh Run cost, 96568.6485012402 , 473679.53336489585
