characteristic,min,max
Total Time, 3780.5825764336064 , 22345.427616326022
CO2, 0.0 , 189021.7529560413
Fixed Veh Cost, 770.0 , 2300.0
Veh Run cost, 125896.62625430894 , 621245.5174642901
