characteristic,min,max
Total Time, 5221.898178585673 , 23977.958234219994
CO2, 0.0 , 355888.02493606316
Fixed Veh Cost, 940.0 , 3100.0
Veh Run cost, 234853.75777467433 , 1070289.0562947085
