characteristic,min,max
Total Time, 5111.121889178879 , 24989.182544505704
CO2, 0.0 , 415583.2850661836
Fixed Veh Cost, 1200.0 , 4000.0
Veh Run cost, 272408.03164604434 , 1246749.8551985507
