characteristic,min,max
Total Cost 39575.926732339656 : 621246.9511116141
CO2, 0.0 : 174614.61325983756
Routes, 5.0 : 31.0
Bikes, 0.0 : 100.0
BikeDelss, 0.0 : 100.0
