characteristic,min,max
Total Cost 186275.66512643508 : 1065708.4458642968
CO2, 0.0 : 283726.2047527185
Routes, 6.0 : 41.0
Bikes, 0.0 : 100.0
BikeDelss, 0.0 : 100.0
