characteristic,min,max
Total Cost 323292.6490501898 : 2039554.424720765
CO2, 0.0 : 539203.2520324751
Routes, 8.0 : 50.0
Bikes, 0.0 : 100.0
BikeDelss, 0.0 : 100.0
