characteristic,min,max
Total Cost 245381.73790561777 : 1488211.3873428227
CO2, 0.0 : 395402.2658971882
Routes, 9.0 : 64.0
Bikes, 0.0 : 100.0
BikeDelss, 0.0 : 100.0
