characteristic,min,max
Total Time, 4508.771284646094 , 23013.42043429602
CO2, 0.0 , 160874.7561578762
Fixed Veh Cost, 530.0 , 1600.0
Veh Run cost, 90207.24607704935 , 496841.63166438154
