characteristic,min,max
Total Time, 4883.302137523554 , 21376.033979582517
CO2, 0.0 , 209189.89754603337
Fixed Veh Cost, 600.0 , 1950.0
Veh Run cost, 123020.4096543527 , 639558.723198366
