characteristic,min,max
Total Time, 2550.485015078795 , 16226.988550961283
CO2, 0.0 , 114292.95422894553
Fixed Veh Cost, 600.0 , 1720.0
Veh Run cost, 86623.01741256035 , 342878.86268683657
