characteristic,min,max
Total Time, 4344.2249011353415 , 21238.565556791877
CO2, 0.0 , 185836.20943698921
Fixed Veh Cost, 600.0 , 1800.0
Veh Run cost, 103518.27474579065 , 557508.6283109676
