characteristic,min,max
Total Time, 2980.1221058347437 , 18838.553106059968
CO2, 0.0 , 182144.2118097085
Fixed Veh Cost, 820.0 , 2250.0
Veh Run cost, 171371.54991709045 , 546432.6354291255
