characteristic,min,max
Total Time, 3348.2355824067663 , 18051.587705067006
CO2, 0.0 , 216316.47265906635
Fixed Veh Cost, 1010.0 , 2750.0
Veh Run cost, 184633.49872307855 , 687997.6535233336
