characteristic,min,max
Total Time, 3570.9791927367437 , 18171.64711228515
CO2, 0.0 , 270647.78160757665
Fixed Veh Cost, 1060.0 , 3050.0
Veh Run cost, 240022.01079257848 , 913337.8738590273
