characteristic,min,max
Total Cost 194978.1319677538 : 1046016.4737447279
CO2, 0.0 : 286258.6763250561
Routes, 6.0 : 38.0
Bikes, 0.0 : 100.0
BikeDelss, 0.0 : 100.0
