characteristic,min,max
Total Cost 167936.61560339143 : 1582113.874527204
CO2, 0.0 : 409481.59816410043
Routes, 7.0 : 56.0
Bikes, 0.0 : 100.0
BikeDelss, 0.0 : 100.0
