characteristic,min,max
Total Cost 375059.0803219764 : 1268803.7695407593
CO2, 0.0 : 339770.7489143619
Routes, 7.0 : 51.0
Bikes, 0.0 : 100.0
BikeDelss, 0.0 : 100.0
