characteristic,min,max
Total Cost 248901.37285732158 : 1809976.8275566339
CO2, 0.0 : 480161.4881709345
Routes, 9.0 : 66.0
Bikes, 0.0 : 100.0
BikeDelss, 0.0 : 100.0
