characteristic,min,max
Total Time, 4735.045174520488 , 19915.373837040635
CO2, 0.0 , 248412.08150727712
Fixed Veh Cost, 700.0 , 1850.0
Veh Run cost, 155376.72535072884 , 745236.2445218314
