characteristic,min,max
Total Time, 2273.6298871793933 , 18275.92703968287
CO2, 0.0 , 132446.86122791603
Fixed Veh Cost, 650.0 , 1740.0
Veh Run cost, 112138.94903152164 , 478801.7935939804
