characteristic,min,max
Total Time, 4616.664554696158 , 19355.218491064974
CO2, 0.0 , 220247.71410877185
Fixed Veh Cost, 720.0 , 2220.0
Veh Run cost, 115403.42138685138 , 723297.1672994448
