characteristic,min,max
Total Time, 5335.4282732396605 , 21027.674966652914
CO2, 0.0 , 366232.85012431006
Fixed Veh Cost, 1010.0 , 3200.0
Veh Run cost, 325039.9421071864 , 1165431.986966551
