characteristic,min,max
Total Time, 3835.704406241349 , 19102.96265304814
CO2, 0.0 , 309921.9276379364
Fixed Veh Cost, 1130.0 , 3170.0
Veh Run cost, 250057.93545807397 , 1042464.923310678
