characteristic,min,max
Total Cost 127565.79517401187 : 1039636.3597489307
CO2, 0.0 : 273128.81132115243
Routes, 6.0 : 45.0
Bikes, 0.0 : 100.0
BikeDelss, 0.0 : 100.0
