characteristic,min,max
Total Cost 160414.6694112338 : 1264566.630584056
CO2, 0.0 : 340844.03416671645
Routes, 7.0 : 44.0
Bikes, 0.0 : 100.0
BikeDelss, 0.0 : 100.0
