characteristic,min,max
Total Cost 135398.83012279536 : 975479.2488736873
CO2, 0.0 : 282037.86440276774
Routes, 7.0 : 52.0
Bikes, 0.0 : 100.0
BikeDelss, 0.0 : 100.0
