characteristic,min,max
Total Cost 149796.81119590532 : 1002835.1847447468
CO2, 0.0 : 261901.21845611295
Routes, 7.0 : 49.0
Bikes, 0.0 : 100.0
BikeDelss, 0.0 : 100.0
