characteristic,min,max
Total Cost 92029.88667209225 : 1238368.1573705396
CO2, 0.0 : 318348.85747167125
Routes, 7.0 : 55.0
Bikes, 0.0 : 100.0
BikeDelss, 0.0 : 100.0
