characteristic,min,max
Total Cost 374876.1485052209 : 2096844.5487401253
CO2, 0.0 : 556234.8665326698
Routes, 9.0 : 67.0
Bikes, 0.0 : 100.0
BikeDelss, 0.0 : 100.0
