characteristic,min,max
Total Cost 360026.0899000961 : 1656194.4676414982
CO2, 0.0 : 439783.6958828043
Routes, 10.0 : 67.0
Bikes, 0.0 : 100.0
BikeDelss, 0.0 : 100.0
