characteristic,min,max
Total Cost 331160.18856005627 : 1732528.7087299037
CO2, 0.0 : 470338.6947968196
Routes, 10.0 : 74.0
Bikes, 0.0 : 100.0
BikeDelss, 0.0 : 100.0
